index,sensor_id,latitude,longitude,mean_speed,congestion_rate,prediction_mae,congestion_level
0,773869,34.15497,-118.31829,0.058379717,0.1840607210626186,0.17403745651245117,Medium
1,767541,34.11621,-118.23799,0.22854517,0.10042329586921617,0.13434189558029175,Medium
2,767542,34.11641,-118.23819,0.24155396,0.14727776966866152,0.1554146409034729,Medium
3,717447,34.07248,-118.26772,-0.31359756,0.22069770836374253,0.18631993234157562,Medium
4,717446,34.07142,-118.26572,-0.58375055,0.5879433659319807,0.2529677152633667,Critical
5,717445,34.06913,-118.25932,-0.30475906,0.25777258794336594,0.2357124239206314,High
6,773062,34.05368,-118.23369,-0.11701786,0.26331922347102615,0.18735560774803162,High
7,767620,34.13486,-118.22932,0.17149866,0.09823383447671873,0.1330796629190445,Low
8,737529,34.20264,-118.47352,0.016162064,0.14859144650415998,0.21085822582244873,Medium
9,717816,34.15562,-118.4686,-0.18052086,0.3081301999708072,0.21056944131851196,High
10,765604,34.16415,-118.38223,0.031713683,0.13107575536418042,0.1498037725687027,Medium
11,767471,34.15691,-118.22469,0.087202944,0.12917822215734928,0.17387694120407104,Medium
12,716339,34.07821,-118.28795,-0.98196244,0.6120274412494526,0.22808535397052765,Critical
13,773906,34.1566,-118.30266,0.09562935,0.1615822507663115,0.19069254398345947,Medium
14,765273,34.18949,-118.47437,-0.18015638,0.21062618595825428,0.24362967908382416,Medium
15,716331,34.07006,-118.26246,-0.50678617,0.5501386658881915,0.24268746376037598,Critical
16,771667,34.07314,-118.23388,-1.4259543,0.9995621077215006,0.16774220764636993,Critical
17,716337,34.07732,-118.28186,-0.12797098,0.20361990950226244,0.19829504191875458,Medium
18,769953,34.20672,-118.19992,-0.21425481,0.18318493650561962,0.16389694809913635,Medium
19,769402,34.12095,-118.33911,-0.080358095,0.22639030798423587,0.16778938472270966,Medium
20,769403,34.12073,-118.33928,0.17917462,0.1666909940154722,0.18041667342185974,Medium
21,769819,34.20584,-118.19803,0.0012531461,0.14508830827616406,0.16167892515659332,Medium
22,769405,34.12634,-118.34482,-0.53456515,0.33630126988760767,0.17132219672203064,High
23,716941,34.05767,-118.21435,-0.34805325,0.2671142898846884,0.26766595244407654,High
24,717578,34.15478,-118.27076,0.1682196,0.14596409283316303,0.17048324644565582,Medium
25,716960,34.12121,-118.27164,-0.38166815,0.34783243322142754,0.2905905544757843,High
26,717804,34.09478,-118.47605,-0.3123969,0.29309589840899136,0.24770145118236542,High
27,767572,34.12967,-118.22871,0.099426135,0.09852576266238505,0.13321159780025482,Low
28,767573,34.12964,-118.22901,0.31346714,0.12582104802218655,0.15034808218479156,Medium
29,773012,34.0839,-118.22086,-0.6106595,0.7447088016347978,0.1602969467639923,Critical
30,773013,34.08374,-118.22076,-0.0463425,0.1461100569259962,0.27580907940864563,Medium
31,764424,34.17878,-118.39469,0.062350076,0.16610713764413954,0.1851278692483902,Medium
32,769388,34.11027,-118.33441,0.09904863,0.1623120712304773,0.22049245238304138,Medium
33,716328,34.06664,-118.25397,-0.10270219,0.20551744270909356,0.18683840334415436,Medium
34,717819,34.18784,-118.47407,0.17364392,0.16479346080864107,0.1797293871641159,Medium
35,769941,34.20699,-118.20237,0.015947036,0.14640198511166252,0.1636502593755722,Medium
36,760987,34.15359,-118.34043,0.200166,0.14114727776966865,0.20979627966880798,Medium
37,718204,34.15541,-118.29575,0.11810951,0.20172237629543133,0.1678331345319748,Medium
38,718045,34.06712,-118.23973,-0.6034787,0.40578017807619327,0.32965782284736633,Critical
39,769418,34.12659,-118.34465,-0.10267252,0.18858560794044665,0.16258251667022705,Medium
40,768066,34.15118,-118.3748,0.052455626,0.21237775507225223,0.17913101613521576,Medium
41,772140,34.16498,-118.47493,-0.17299536,0.3415559772296015,0.20109330117702484,High
42,773927,34.15262,-118.28034,-0.069127075,0.2555831265508685,0.2101193070411682,High
43,760024,34.1593,-118.46483,-0.36004242,0.34856225368559335,0.22628164291381836,High
44,774012,34.14769,-118.20137,0.31236413,0.10290468544737995,0.1380346417427063,Medium
45,774011,34.14747,-118.20123,0.3022058,0.10100715224054882,0.14447782933712006,Medium
46,767609,34.18555,-118.21733,-0.022913948,0.13560064224200846,0.1669343113899231,Medium
47,769359,34.1566,-118.42216,-0.34459093,0.38884834330754636,0.24617592990398407,High
48,760650,34.07505,-118.23256,-0.42699453,0.2914902933878266,0.20994386076927185,High
49,716956,34.10658,-118.25544,-0.10326655,0.18479054152678442,0.20141184329986572,Medium
50,769831,34.20663,-118.20101,-0.056167766,0.15355422566048751,0.16573189198970795,Medium
51,761604,34.15407,-118.28711,-0.5561524,0.49467231061158956,0.2874574363231659,Critical
52,717495,34.15664,-118.41326,-0.20457838,0.36388848343307545,0.24805040657520294,High
53,716554,34.15597,-118.2666,-0.20087278,0.20785286819442417,0.2020808756351471,Medium
54,773953,34.15522,-118.29344,-0.08991471,0.22084367245657568,0.18234771490097046,Medium
55,767470,34.15699,-118.22436,0.0023118283,0.1169172383593636,0.1487034261226654,Medium
56,716955,34.09579,-118.24427,-1.6213714,0.9127134724857685,0.2506425976753235,Critical
57,764949,34.12881,-118.34684,-0.1937999,0.2141293241862502,0.14685145020484924,Medium
58,773954,34.15544,-118.29344,0.004185221,0.15895489709531455,0.20980246365070343,Medium
59,767366,34.21216,-118.47341,0.0099430485,0.13165961173551308,0.16444915533065796,Medium
60,769444,34.15555,-118.43908,-0.8974988,0.535396292512042,0.2193121612071991,Critical
61,773939,34.15297,-118.37226,-0.38542047,0.34141001313676833,0.29827407002449036,High
62,774067,34.15362,-118.28441,-0.10794664,0.2155889651145818,0.34714677929878235,Medium
63,769443,34.15574,-118.43931,-0.7616908,0.482557290906437,0.23945599794387817,Critical
64,767750,34.09335,-118.20635,0.19793175,0.13443292949934316,0.17087307572364807,Medium
65,767751,34.09335,-118.20616,0.10404194,0.10991096190337177,0.19811417162418365,Medium
66,767610,34.18555,-118.21766,0.15408796,0.13851992409867173,0.1664169579744339,Medium
67,773880,34.15367,-118.3484,0.29260296,0.11998248430886002,0.16703172028064728,Medium
68,764766,34.13338,-118.3535,0.12910634,0.2144212523719165,0.1728273630142212,Medium
69,717497,34.15685,-118.41456,-0.13778609,0.3055028462998102,0.24479472637176514,High
70,717490,34.14745,-118.37124,-0.7009291,0.39994161436286674,0.15024583041667938,High
71,717491,34.14761,-118.3711,-0.5642715,0.34681068457159536,0.13947194814682007,High
72,717492,34.15459,-118.37935,-0.17752977,0.27470442271201284,0.26636654138565063,High
73,717493,34.15434,-118.39618,-0.44982606,0.45321850824697124,0.23876917362213135,Critical
74,765176,34.13286,-118.35135,0.12270978,0.21909210334257773,0.154449462890625,Medium
75,717498,34.15571,-118.43273,-0.60283226,0.4103050649540213,0.2092447280883789,Critical
76,717499,34.15666,-118.44808,-0.4681491,0.3907458765143775,0.2442048043012619,High
77,765171,34.16789,-118.46896,-0.48920515,0.3192234710261276,0.2703806757926941,High
78,718064,34.11296,-118.24489,0.18111683,0.1678587067581375,0.17032410204410553,Medium
79,718066,34.12302,-118.22889,0.24232699,0.14012552911983653,0.15495648980140686,Medium
80,765164,34.07898,-118.28911,0.115211844,0.15311633338198802,0.2084423154592514,Medium
81,769431,34.15843,-118.45664,-0.9684963,0.5527660195591885,0.2056748867034912,Critical
82,769430,34.15818,-118.45658,-1.1017644,0.5929061450883083,0.23408745229244232,Critical
83,717610,34.17886,-118.39497,-0.093021736,0.2061012990804262,0.1985245645046234,Medium
84,767053,34.17091,-118.46775,-0.389825,0.2504743833017078,0.19312863051891327,High
85,767621,34.13486,-118.22969,0.2901595,0.11195445920303605,0.14017224311828613,Medium
86,772596,34.17126,-118.50495,-0.023956252,0.2250766311487374,0.227584108710289,Medium
87,772597,34.17109,-118.50495,-0.039742734,0.2706174281126843,0.2530979812145233,High
88,767350,34.18011,-118.47045,0.004430433,0.20289008903809663,0.16486744582653046,Medium
89,767351,34.18022,-118.47022,0.18008499,0.15734929207414977,0.15705636143684387,Medium
90,716571,34.2,-118.40337,0.27837285,0.11633338198803095,0.16326145827770233,Medium
91,773023,34.05773,-118.24348,-0.99436814,0.6514377463144067,0.19712981581687927,Critical
92,767585,34.16556,-118.22432,0.29094115,0.11618741789519778,0.1480942666530609,Medium
93,773024,34.05759,-118.24357,-0.04171133,0.21923806743541088,0.1788632869720459,Medium
94,717483,34.11684,-118.33698,-0.04799421,0.23733761494672312,0.1587466448545456,Medium
95,718379,34.14224,-118.27812,-0.3348447,0.29397168296599036,0.23190557956695557,High
96,717481,34.10634,-118.32826,-0.12882367,0.27236899722668223,0.31066083908081055,High
97,717480,34.10478,-118.32497,0.06453653,0.22741205663406802,0.174016073346138,Medium
98,717486,34.12974,-118.34809,-0.21092913,0.23631586629689097,0.16957348585128784,Medium
99,764120,34.20164,-118.40366,0.3319138,0.0983797985695519,0.12546104192733765,Low
100,772151,34.16928,-118.49872,-0.28110594,0.3262297474821194,0.27060064673423767,High
101,718371,34.09017,-118.23849,-0.24258155,0.3057947744854766,0.2103477120399475,High
102,717489,34.13876,-118.36438,-0.2764929,0.2510582396730404,0.1752040982246399,High
103,717488,34.13561,-118.36006,0.0214589,0.20975040140125528,0.1893845945596695,Medium
104,717818,34.1722,-118.46753,0.121797115,0.15749525616698293,0.17648378014564514,Medium
105,718076,34.16339,-118.2253,0.16057022,0.15676543570281712,0.18349425494670868,Medium
106,718072,34.1491,-118.2257,0.053939726,0.16610713764413954,0.19380076229572296,Medium
107,767455,34.14347,-118.22704,0.36457568,0.09867172675521822,0.1260213851928711,Low
108,767454,34.14352,-118.22733,0.30410352,0.120858268865859,0.15994878113269806,Medium
109,761599,34.14226,-118.27786,-0.29143775,0.20858268865858998,0.18152549862861633,Medium
110,717099,34.15648,-118.24674,0.23131812,0.12684279667201867,0.15505748987197876,Medium
111,773916,34.15247,-118.2852,-0.005645809,0.23120712304773025,0.19901837408542633,Medium
112,716968,34.16588,-118.29809,-0.2258144,0.31177930229163625,0.2271767556667328,High
113,769467,34.15451,-118.39699,-0.1627816,0.2690118230915195,0.2474098801612854,High
114,717576,34.15559,-118.2957,0.19583984,0.1303459349000146,0.1693902462720871,Medium
115,717573,34.15384,-118.325,0.073155515,0.17559480367829514,0.17441816627979279,Medium
116,717572,34.15351,-118.32751,0.058367178,0.16756677857247118,0.20209798216819763,Medium
117,717571,34.15326,-118.35921,0.040690575,0.24040286089621954,0.18785780668258667,Medium
118,717570,34.15302,-118.35921,0.2647146,0.11326813603853451,0.15584821999073029,Medium
119,764760,34.13401,-118.35506,0.050173674,0.23412640490439351,0.16074220836162567,Medium
120,718089,34.12769,-118.27372,-0.26457196,0.31236315866296893,0.2487206757068634,High
121,769847,34.20983,-118.22351,-0.12769133,0.1868340388264487,0.19374743103981018,Medium
122,717608,34.17154,-118.38812,0.13837638,0.17209166545029922,0.17042763531208038,Medium
123,767523,34.11439,-118.24209,0.33201867,0.10115311633338199,0.133881077170372,Medium
124,716942,34.0593,-118.21451,-0.3335545,0.2803970223325062,0.24541297554969788,High
125,718090,34.14847,-118.27969,-0.38015723,0.2687198949058532,0.24871377646923065,High
126,769867,34.21846,-118.23931,-0.1227883,0.20391183768792878,0.23273427784442902,Medium
127,717472,34.10045,-118.31601,-0.3503512,0.3549846737702525,0.3290185034275055,High
128,717473,34.10054,-118.31581,0.06298246,0.2037658735950956,0.1741660088300705,Medium
129,759591,34.11521,-118.26825,-0.07988788,0.16727485038680484,0.17764632403850555,Medium
130,764781,34.16037,-118.47012,-0.21390407,0.3060867026711429,0.23418238759040833,High
131,765099,34.16378,-118.47224,-0.29532644,0.32710553203911835,0.21411696076393127,High
132,762329,34.13904,-118.22862,0.23068292,0.13516274996350897,0.15724961459636688,Medium
133,716953,34.09458,-118.24279,-0.16476312,0.26404904393519196,0.20910724997520447,High
134,716951,34.08581,-118.23182,-0.21604387,0.33236023938111225,0.22808881103992462,High
135,767509,34.11059,-118.24819,0.14625722,0.1118084951102029,0.16718690097332,Medium
136,765182,34.06491,-118.25126,0.054953422,0.21354546781491754,0.1737511307001114,Medium
137,769358,34.15679,-118.42222,-0.3367618,0.3377609108159393,0.25176501274108887,High
138,772513,34.06871,-118.23661,-0.3038185,0.3219967887899577,0.18612748384475708,High
139,716958,34.11167,-118.26501,-0.42098325,0.3770252517880601,0.25704705715179443,High
140,718496,34.15403,-118.34232,-0.31195432,0.2567508392935338,0.29251882433891296,High
141,769346,34.15677,-118.40424,-0.21887964,0.3960005838563713,0.2384043037891388,High
142,773904,34.15641,-118.30266,-0.15209566,0.2393811122463874,0.19054754078388214,Medium
143,718499,34.15469,-118.31253,-0.108051606,0.1685885272223033,0.1942119002342224,Medium
144,764853,34.06461,-118.25102,-0.9044987,0.5799153408261568,0.22743362188339233,Critical
145,761003,34.15546,-118.30841,0.13246122,0.19909502262443438,0.17197023332118988,Medium
146,717502,34.16521,-118.47484,-0.2666712,0.32798131659611734,0.22994133830070496,High
147,759602,34.12199,-118.27178,-0.041488063,0.1532622974748212,0.1676959991455078,Medium
148,717504,34.16519,-118.49166,-0.23598146,0.34549700773609693,0.2732451856136322,High
149,763995,34.21979,-118.40931,-0.06394251,0.2671142898846884,0.20131227374076843,High
150,717508,34.17112,-118.51814,-0.35944566,0.3700189753320683,0.2716224491596222,High
151,765265,34.18529,-118.47395,-0.18933825,0.18946139249744562,0.17948637902736664,Medium
152,773996,34.14511,-118.21587,0.092936605,0.10903517734637279,0.14773336052894592,Medium
153,773995,34.14483,-118.21587,0.15820156,0.10407239819004525,0.1535538285970688,Medium
154,717469,34.0971,-118.31366,-0.20713256,0.21573492920741497,0.17024993896484375,Medium
155,717468,34.09699,-118.31381,-0.4705211,0.3593635965552474,0.2560917139053345,High
156,764106,34.17169,-118.38801,-0.12961993,0.1445044519048314,0.14278358221054077,Medium
157,717465,34.09373,-118.30907,-0.04048032,0.21310757553641804,0.1884303241968155,Medium
158,764794,34.16028,-118.46808,-0.21373944,0.31893154284046127,0.22777290642261505,High
159,717466,34.09359,-118.30918,-0.42247847,0.40140125529119836,0.2750225365161896,Critical
160,717461,34.08558,-118.30174,-0.9258624,0.5857539045394833,0.25275540351867676,Critical
161,717460,34.08571,-118.30161,-0.18234794,0.2698876076485185,0.17765600979328156,High
162,717463,34.09004,-118.3059,0.104164794,0.19734345351043645,0.18063396215438843,Medium
163,717462,34.08993,-118.30607,-0.53209835,0.47248576850094876,0.2747949957847595,Critical
164,769345,34.15655,-118.40441,-0.24262176,0.31104948182747044,0.23440521955490112,High
165,716943,34.05987,-118.21492,-0.45281938,0.29835060575098526,0.2938622236251831,High
166,772669,34.07828,-118.22834,-0.15480737,0.27382863815501385,0.2363482266664505,High
167,717582,34.15646,-118.26092,0.30870917,0.11078674646037075,0.1385774165391922,Medium
168,717583,34.15627,-118.25506,0.17665085,0.17238359363596556,0.16404211521148682,Medium
169,717580,34.1562,-118.26359,0.21016139,0.13297328857101154,0.16457302868366241,Medium
170,716949,34.08406,-118.22974,-0.30657586,0.27718581229017664,0.23537594079971313,High
171,717587,34.15402,-118.23893,0.29278544,0.0979419062910524,0.13169556856155396,Low
172,772178,34.16903,-118.49885,-0.27090967,0.3199532914902934,0.2682395279407501,High
173,717585,34.15564,-118.24188,0.26784745,0.09750401401255292,0.13010339438915253,Low
174,716939,34.04301,-118.21724,-0.7758284,0.49087724419792733,0.2578594982624054,Critical
175,768469,34.13583,-118.35993,0.011636825,0.22960151802656548,0.21341407299041748,Medium
176,764101,34.16421,-118.38246,0.08245928,0.20405780178076194,0.17854082584381104,Medium
177,767554,34.11966,-118.23143,0.114684485,0.09896365494088455,0.1353030502796173,Low
178,773975,34.14584,-118.22251,0.20693302,0.11005692599620494,0.1526796519756317,Medium
179,773974,34.14559,-118.22251,-0.13906701,0.1303459349000146,0.1555355042219162,Medium
180,717510,34.17128,-118.51976,-0.51985466,0.32798131659611734,0.2568063735961914,High
181,717513,34.17339,-118.5368,-0.49739748,0.32973288571011533,0.23713552951812744,High
182,717825,34.22164,-118.47307,0.18051863,0.1544300102174865,0.1837107092142105,Medium
183,767495,34.10377,-118.24992,0.29115337,0.12319369435118961,0.16276317834854126,Medium
184,767494,34.10377,-118.24962,0.20757087,0.0991096190337177,0.13756230473518372,Low
185,717821,34.20112,-118.47361,0.10763487,0.14786162603999417,0.18453723192214966,Medium
186,717823,34.20264,-118.47326,0.08004102,0.16888045540796964,0.1871183067560196,Medium
187,717458,34.08265,-118.29755,-0.83794117,0.5581666909940155,0.25632357597351074,Critical
188,717459,34.08294,-118.29729,0.054499347,0.18157933148445482,0.20053687691688538,Medium
189,769926,34.21356,-118.23113,-0.041325174,0.16552328127280688,0.17005062103271484,Medium
190,764858,34.1527,-118.3754,-0.02647693,0.22712012844840168,0.24558725953102112,Medium
191,717450,34.07488,-118.27362,-0.5768827,0.601663990658298,0.2654082775115967,Critical
192,717452,34.07502,-118.27356,-0.064830355,0.1986571303459349,0.19642379879951477,Medium
193,717453,34.07696,-118.28093,-0.70641375,0.6241424609546051,0.2397904247045517,Critical
194,759772,34.17115,-118.30539,-0.19042158,0.23208290760472924,0.24828489124774933,Medium
195,717456,34.08102,-118.29325,0.104630604,0.20405780178076194,0.22329330444335938,Medium
196,771673,34.07787,-118.22871,-1.346218,0.9979565027003358,0.17209509015083313,Critical
197,772167,34.16526,-118.47985,-0.8929578,0.8503868048460079,0.20519070327281952,Critical
198,769372,34.1027,-118.3173,0.07827973,0.21106407823675377,0.17692483961582184,Medium
199,774204,34.15397,-118.34172,-0.14426257,0.2227412056634068,0.2012382298707962,Medium
200,769806,34.19638,-118.18442,0.19939145,0.10553203911837689,0.15518002212047577,Medium
201,717590,34.14929,-118.23182,0.2660416,0.11852284338052839,0.14918674528598785,Medium
202,717592,34.14604,-118.2243,0.13352637,0.09852576266238505,0.14447320997714996,Low
203,717595,34.14163,-118.1829,0.32889313,0.10436432637571158,0.13378280401229858,Medium
204,772168,34.16542,-118.47985,-0.102054775,0.2796672018683404,0.1782120317220688,High
205,718141,34.15133,-118.37456,0.15532188,0.1634797839731426,0.23565571010112762,Medium
206,769373,34.10262,-118.31747,-0.30405656,0.27616406364034446,0.2320181280374527,High
